B001,SL4_HS,n2eogutyue4r.com,hnztcx.com
B002,SL4_HS,n2eogutyue4r.com,hnztcx.com
B003,SL4_HS,n2eogutyue4r.com,hnztcx.com
B005,SL_18,l0jcgfuysj8t.com,hnztcx.com
B006,SL_18,l0jcgfuysj8t.com,hnztcx.com
B007,SL_18,l0jcgfuysj8t.com,hnztcx.com
B008,SL13_HS,j9zbmjnwdm8y.com,hnztcx.com
B009,SL13_HS,j9zbmjnwdm8y.com,hnztcx.com
B010,SL13_HS,j9zbmjnwdm8y.com,hnztcx.com
B011,SL14,b4itswywmb4u.com,hnztcx.com
B012,SL14,b4itswywmb4u.com,hnztcx.com
BF01,SL14,b4itswywmb4u.com,hnztcx.com
B601,SL15,e9twalhwss0i.com,hnztcx.com
B602,SL15,e9twalhwss0i.com,hnztcx.com
B603,SL15,e9twalhwss0i.com,hnztcx.com
B605,SL16,h7opitknef4z.com,hnztcx.com
B606,SL16,h7opitknef4z.com,hnztcx.com
B607,SL16,h7opitknef4z.com,hnztcx.com
B608,SL_17,j4kqrpbfwq1j.com,hnztcx.com
B609,SL_17,j4kqrpbfwq1j.com,hnztcx.com
B610,SL_17,j4kqrpbfwq1j.com,hnztcx.com
B611,SL_17,j4kqrpbfwq1j.com,hnztcx.com
AB17,-,w2lrhflklq7j.com,hnztcx.com
AB57,-,w2lrhflklq7j.com,hnztcx.com
BJ01,-,w2lrhflklq7j.com,hnztcx.com
BJ03,-,w2lrhflklq7j.com,hnztcx.com
BJ03,-,w2lrhflklq7j.com,hnztcx.com
BJ04,-,w2lrhflklq7j.com,hnztcx.com
CG01,-,w2lrhflklq7j.com,hnztcx.com
CG02,-,w2lrhflklq7j.com,hnztcx.com
DT03,-,w2lrhflklq7j.com,hnztcx.com
DT07,-,w2lrhflklq7j.com,hnztcx.com
DT55,-,w2lrhflklq7j.com,hnztcx.com
FT01,-,w2lrhflklq7j.com,hnztcx.com
FT02,-,w2lrhflklq7j.com,hnztcx.com
GF55,-,w2lrhflklq7j.com,hnztcx.com
IB51,-,w2lrhflklq7j.com,hnztcx.com
IB64,-,w2lrhflklq7j.com,hnztcx.com
NN02,-,w2lrhflklq7j.com,hnztcx.com
NN05,-,w2lrhflklq7j.com,hnztcx.com
NN56,-,w2lrhflklq7j.com,hnztcx.com
RL57,-,w2lrhflklq7j.com,hnztcx.com
SD02,-,w2lrhflklq7j.com,hnztcx.com
SD05,-,w2lrhflklq7j.com,hnztcx.com
SD10,-,w2lrhflklq7j.com,hnztcx.com
SD54,-,w2lrhflklq7j.com,hnztcx.com
SD61,-,w2lrhflklq7j.com,hnztcx.com
SB06,-,w2lrhflklq7j.com,hnztcx.com
SB07,-,w2lrhflklq7j.com,hnztcx.com
SB08,-,w2lrhflklq7j.com,hnztcx.com
SB54,-,w2lrhflklq7j.com,hnztcx.com
NN06,-,w2lrhflklq7j.com,hnztcx.com
TT17,-,w2lrhflklq7j.com,hnztcx.com
B801,-,j5avonzaqu2p.com,hnztcx.com
B802,-,j5avonzaqu2p.com,hnztcx.com
B803,-,j5avonzaqu2p.com,hnztcx.com
B804,-,o0ztognubg1y.com,hnztcx.com
B805,-,o0ztognubg1y.com,hnztcx.com
B806,-,o0ztognubg1y.com,hnztcx.com
B807,-,j9qnypaonu1o.com,hnztcx.com
B808,-,j9qnypaonu1o.com,hnztcx.com
B809,-,j9qnypaonu1o.com,hnztcx.com
B810,-,q3ggmkozcm4r.com,hnztcx.com
B811,-,q3ggmkozcm4r.com,hnztcx.com
B812,-,q3ggmkozcm4r.com,hnztcx.com
B813,-,q3ggmkozcm4r.com,hnztcx.com
B814,-,j3fknjsldq2p.com,hnztcx.com
B815,-,j3fknjsldq2p.com,hnztcx.com
B816,-,j3fknjsldq2p.com,hnztcx.com
B817,-,j3fknjsldq2p.com,hnztcx.com
D801,-,v5hmttqwjg6s.com,hnztcx.com
D802,-,v5hmttqwjg6s.com,hnztcx.com
D803,-,v5hmttqwjg6s.com,hnztcx.com
F801,-,v5hmttqwjg6s.com,hnztcx.com
N801,-,v5hmttqwjg6s.com,hnztcx.com
X801,-,v5hmttqwjg6s.com,hnztcx.com
X802,-,v5hmttqwjg6s.com,hnztcx.com
X803,-,v5hmttqwjg6s.com,hnztcx.com
S801,-,v5hmttqwjg6s.com,hnztcx.com
