B001,account01,a9sfhlfdov3c.com,hnztcx.com
B002,account01,a9sfhlfdov3c.com,hnztcx.com
B003,account01,a9sfhlfdov3c.com,hnztcx.com
B005,account02,l6xkhiwimf7g.com,hnztcx.com
B006,account02,l6xkhiwimf7g.com,hnztcx.com
B007,account02,l6xkhiwimf7g.com,hnztcx.com
B008,account03,x1dthmclgi8o.com,hnztcx.com
B009,account03,x1dthmclgi8o.com,hnztcx.com
B010,account03,x1dthmclgi8o.com,hnztcx.com
B011,account04,w9qdogdjlv0d.com,hnztcx.com
B012,account04,w9qdogdjlv0d.com,hnztcx.com
BF01,account04,w9qdogdjlv0d.com,hnztcx.com
B601,account05,z4kngpqoyq5o.com,hnztcx.com
B602,account05,z4kngpqoyq5o.com,hnztcx.com
B603,account05,z4kngpqoyq5o.com,hnztcx.com
B605,account06,s3tslgkjsw6g.com,hnztcx.com
B606,account06,s3tslgkjsw6g.com,hnztcx.com
B607,account06,s3tslgkjsw6g.com,hnztcx.com
B608,account07,f0kxrhguzj6y.com,hnztcx.com
B609,account07,f0kxrhguzj6y.com,hnztcx.com
B610,account07,f0kxrhguzj6y.com,hnztcx.com
B611,account07,f0kxrhguzj6y.com,hnztcx.com
AB17,account08,a4afdafcac1d.com,hnztcx.com
AB57,account08,a4afdafcac1d.com,hnztcx.com
BJ01,account08,a4afdafcac1d.com,hnztcx.com
BJ03,account08,a4afdafcac1d.com,hnztcx.com
BJ03,account08,a4afdafcac1d.com,hnztcx.com
BJ04,account08,a4afdafcac1d.com,hnztcx.com
CG01,account08,a4afdafcac1d.com,hnztcx.com
CG02,account08,a4afdafcac1d.com,hnztcx.com
DT03,account08,a4afdafcac1d.com,hnztcx.com
DT07,account08,a4afdafcac1d.com,hnztcx.com
DT55,account08,a4afdafcac1d.com,hnztcx.com
FT01,account08,a4afdafcac1d.com,hnztcx.com
FT02,account08,a4afdafcac1d.com,hnztcx.com
GF55,account08,a4afdafcac1d.com,hnztcx.com
IB51,account08,a4afdafcac1d.com,hnztcx.com
IB64,account08,a4afdafcac1d.com,hnztcx.com
NN02,account08,a4afdafcac1d.com,hnztcx.com
NN05,account08,a4afdafcac1d.com,hnztcx.com
NN56,account08,a4afdafcac1d.com,hnztcx.com
RL57,account08,a4afdafcac1d.com,hnztcx.com
SD02,account08,a4afdafcac1d.com,hnztcx.com
SD05,account08,a4afdafcac1d.com,hnztcx.com
SD10,account08,a4afdafcac1d.com,hnztcx.com
SD54,account08,a4afdafcac1d.com,hnztcx.com
SD61,account08,a4afdafcac1d.com,hnztcx.com
SB06,account08,a4afdafcac1d.com,hnztcx.com
SB07,account08,a4afdafcac1d.com,hnztcx.com
SB08,account08,a4afdafcac1d.com,hnztcx.com
SB54,account08,a4afdafcac1d.com,hnztcx.com
NN06,account08,a4afdafcac1d.com,hnztcx.com
TT17,account08,a4afdafcac1d.com,hnztcx.com
B801,account09,u4defwdxps5v.com,hnztcx.com
B802,account09,u4defwdxps5v.com,hnztcx.com
B803,account09,u4defwdxps5v.com,hnztcx.com
B804,account10,i1jtgwqkfl0l.com,hnztcx.com
B805,account10,i1jtgwqkfl0l.com,hnztcx.com
B806,account10,i1jtgwqkfl0l.com,hnztcx.com
B807,account11,c1kfxtubbb3n.com,hnztcx.com
B808,account11,c1kfxtubbb3n.com,hnztcx.com
B809,account11,c1kfxtubbb3n.com,hnztcx.com
B810,account12,u3jfgqydnp4o.com,hnztcx.com
B811,account12,u3jfgqydnp4o.com,hnztcx.com
B812,account12,u3jfgqydnp4o.com,hnztcx.com
B813,account12,u3jfgqydnp4o.com,hnztcx.com
B814,account13,z8iprargda7k.com,hnztcx.com
B815,account13,z8iprargda7k.com,hnztcx.com
B816,account13,z8iprargda7k.com,hnztcx.com
B817,account13,z8iprargda7k.com,hnztcx.com
D801,account14,g4acrtbfrz7j.com,hnztcx.com
D802,account14,g4acrtbfrz7j.com,hnztcx.com
D803,account14,g4acrtbfrz7j.com,hnztcx.com
F801,account14,g4acrtbfrz7j.com,hnztcx.com
N801,account14,g4acrtbfrz7j.com,hnztcx.com
X801,account14,g4acrtbfrz7j.com,hnztcx.com
X802,account14,g4acrtbfrz7j.com,hnztcx.com
X803,account14,g4acrtbfrz7j.com,hnztcx.com
S801,account14,g4acrtbfrz7j.com,hnztcx.com
